name,imdb_rank,imdb_id,imdb_url
Robert De Niro,1,nm0000134,https://www.imdb.com/name/nm0000134/
Jack Nicholson,2,nm0000197,https://www.imdb.com/name/nm0000197/
Marlon Brando,3,nm0000008,https://www.imdb.com/name/nm0000008/
Denzel Washington,4,nm0000243,https://www.imdb.com/name/nm0000243/
Meryl Streep,5,nm0000658,https://www.imdb.com/name/nm0000658/
Katharine Hepburn,6,nm0000031,https://www.imdb.com/name/nm0000031/
Daniel Day-Lewis,7,nm0000358,https://www.imdb.com/name/nm0000358/
Sidney Poitier,8,nm0001627,https://www.imdb.com/name/nm0001627/
Humphrey Bogart,9,nm0000007,https://www.imdb.com/name/nm0000007/
Clark Gable,10,nm0000022,https://www.imdb.com/name/nm0000022/
Ingrid Bergman,11,nm0000006,https://www.imdb.com/name/nm0000006/
Leonardo DiCaprio,12,nm0000138,https://www.imdb.com/name/nm0000138/
Paul Newman,13,nm0000056,https://www.imdb.com/name/nm0000056/
Elizabeth Taylor,14,nm0000072,https://www.imdb.com/name/nm0000072/
Bette Davis,15,nm0000012,https://www.imdb.com/name/nm0000012/
James Stewart,16,nm0000071,https://www.imdb.com/name/nm0000071/
Gregory Peck,17,nm0000060,https://www.imdb.com/name/nm0000060/
Al Pacino,18,nm0000199,https://www.imdb.com/name/nm0000199/
Tom Hanks,19,nm0000158,https://www.imdb.com/name/nm0000158/
Cate Blanchett,20,nm0000949,https://www.imdb.com/name/nm0000949/
Audrey Hepburn,21,nm0000030,https://www.imdb.com/name/nm0000030/
Kate Winslet,22,nm0000701,https://www.imdb.com/name/nm0000701/
Viola Davis,23,nm0205626,https://www.imdb.com/name/nm0205626/
Cary Grant,24,nm0000026,https://www.imdb.com/name/nm0000026/
Morgan Freeman,25,nm0000151,https://www.imdb.com/name/nm0000151/
Vivien Leigh,26,nm0000046,https://www.imdb.com/name/nm0000046/
Laurence Olivier,27,nm0000059,https://www.imdb.com/name/nm0000059/
Steve McQueen,28,nm0000537,https://www.imdb.com/name/nm0000537/
Diane Keaton,29,nm0000473,https://www.imdb.com/name/nm0000473/
Spencer Tracy,30,nm0000075,https://www.imdb.com/name/nm0000075/
Shah Rukh Khan,31,nm0451321,https://www.imdb.com/name/nm0451321/
Julia Roberts,32,nm0000210,https://www.imdb.com/name/nm0000210/
Jodie Foster,33,nm0000149,https://www.imdb.com/name/nm0000149/
Judy Garland,34,nm0000023,https://www.imdb.com/name/nm0000023/
Henry Fonda,35,nm0000020,https://www.imdb.com/name/nm0000020/
Catherine Deneuve,36,nm0000366,https://www.imdb.com/name/nm0000366/
Grace Kelly,37,nm0000038,https://www.imdb.com/name/nm0000038/
Helen Mirren,38,nm0000545,https://www.imdb.com/name/nm0000545/
Anthony Hopkins,39,nm0000164,https://www.imdb.com/name/nm0000164/
James Cagney,40,nm0000010,https://www.imdb.com/name/nm0000010/
Angela Bassett,41,nm0000291,https://www.imdb.com/name/nm0000291/
Johnny Depp,42,nm0000136,https://www.imdb.com/name/nm0000136/
Greta Garbo,43,nm0001256,https://www.imdb.com/name/nm0001256/
Olivia de Havilland,44,nm0000014,https://www.imdb.com/name/nm0000014/
Charles Chaplin,45,nm0000122,https://www.imdb.com/name/nm0000122/
Setsuko Hara,46,nm0361697,https://www.imdb.com/name/nm0361697/
Julie Andrews,47,nm0000267,https://www.imdb.com/name/nm0000267/
Montgomery Clift,48,nm0001050,https://www.imdb.com/name/nm0001050/
Isabelle Huppert,49,nm0001376,https://www.imdb.com/name/nm0001376/
Rita Hayworth,50,nm0000028,https://www.imdb.com/name/nm0000028/
Halle Berry,51,nm0000932,https://www.imdb.com/name/nm0000932/
James Dean,52,nm0000015,https://www.imdb.com/name/nm0000015/
Kirk Douglas,53,nm0000018,https://www.imdb.com/name/nm0000018/
Natalie Wood,54,nm0000081,https://www.imdb.com/name/nm0000081/
Marcello Mastroianni,55,nm0000052,https://www.imdb.com/name/nm0000052/
Joan Crawford,56,nm0001076,https://www.imdb.com/name/nm0001076/
Harrison Ford,57,nm0000148,https://www.imdb.com/name/nm0000148/
Susan Sarandon,58,nm0000215,https://www.imdb.com/name/nm0000215/
Gene Kelly,59,nm0000037,https://www.imdb.com/name/nm0000037/
Glenn Close,60,nm0000335,https://www.imdb.com/name/nm0000335/
Joan Fontaine,61,nm0000021,https://www.imdb.com/name/nm0000021/
Julianne Moore,62,nm0000194,https://www.imdb.com/name/nm0000194/
Will Smith,63,nm0000226,https://www.imdb.com/name/nm0000226/
Sophia Loren,64,nm0000047,https://www.imdb.com/name/nm0000047/
Marilyn Monroe,65,nm0000054,https://www.imdb.com/name/nm0000054/
Bruce Lee,66,nm0000045,https://www.imdb.com/name/nm0000045/
Regina King,67,nm0005093,https://www.imdb.com/name/nm0005093/
Angelina Jolie,68,nm0001401,https://www.imdb.com/name/nm0001401/
John Wayne,69,nm0000078,https://www.imdb.com/name/nm0000078/
Jane Fonda,70,nm0000404,https://www.imdb.com/name/nm0000404/
Charlton Heston,71,nm0000032,https://www.imdb.com/name/nm0000032/
Gary Cooper,72,nm0000011,https://www.imdb.com/name/nm0000011/
Liv Ullmann,73,nm0880521,https://www.imdb.com/name/nm0880521/
Natalie Portman,74,nm0000204,https://www.imdb.com/name/nm0000204/
Forest Whitaker,75,nm0001845,https://www.imdb.com/name/nm0001845/
Sandra Bullock,76,nm0000113,https://www.imdb.com/name/nm0000113/
Deborah Kerr,77,nm0000039,https://www.imdb.com/name/nm0000039/
Toshirô Mifune,78,nm0001536,https://www.imdb.com/name/nm0001536/
Dustin Hoffman,79,nm0000163,https://www.imdb.com/name/nm0000163/
Emma Thompson,80,nm0000668,https://www.imdb.com/name/nm0000668/
Tom Cruise,81,nm0000129,https://www.imdb.com/name/nm0000129/
Michelle Pfeiffer,82,nm0000201,https://www.imdb.com/name/nm0000201/
Faye Dunaway,83,nm0001159,https://www.imdb.com/name/nm0001159/
Samuel L. Jackson,84,nm0000168,https://www.imdb.com/name/nm0000168/
Peter O&apos;Toole,85,nm0000564,https://www.imdb.com/name/nm0000564/
Heath Ledger,86,nm0005132,https://www.imdb.com/name/nm0005132/
Nicole Kidman,87,nm0000173,https://www.imdb.com/name/nm0000173/
Penélope Cruz,88,nm0004851,https://www.imdb.com/name/nm0004851/
Chadwick Boseman,89,nm1569276,https://www.imdb.com/name/nm1569276/
Antonio Banderas,90,nm0000104,https://www.imdb.com/name/nm0000104/
Sigourney Weaver,91,nm0000244,https://www.imdb.com/name/nm0000244/
Salma Hayek,92,nm0000161,https://www.imdb.com/name/nm0000161/
Don Cheadle,93,nm0000332,https://www.imdb.com/name/nm0000332/
Frances McDormand,94,nm0000531,https://www.imdb.com/name/nm0000531/
Kathy Bates,95,nm0000870,https://www.imdb.com/name/nm0000870/
Omar Sharif,96,nm0001725,https://www.imdb.com/name/nm0001725/
Amy Adams,97,nm0010736,https://www.imdb.com/name/nm0010736/
Joaquin Phoenix,98,nm0001618,https://www.imdb.com/name/nm0001618/
Mohanlal,99,nm0482320,https://www.imdb.com/name/nm0482320/
Brad Pitt,100,nm0000093,https://www.imdb.com/name/nm0000093/
Jeff Bridges,101,nm0000313,https://www.imdb.com/name/nm0000313/
Sean Connery,102,nm0000125,https://www.imdb.com/name/nm0000125/
Ben Kingsley,103,nm0001426,https://www.imdb.com/name/nm0001426/
Tommy Lee Jones,104,nm0000169,https://www.imdb.com/name/nm0000169/
Robert Redford,105,nm0000602,https://www.imdb.com/name/nm0000602/
Jack Lemmon,106,nm0000493,https://www.imdb.com/name/nm0000493/
George C. Scott,107,nm0001715,https://www.imdb.com/name/nm0001715/
Robin Williams,108,nm0000245,https://www.imdb.com/name/nm0000245/
Philip Seymour Hoffman,109,nm0000450,https://www.imdb.com/name/nm0000450/
George Clooney,110,nm0000123,https://www.imdb.com/name/nm0000123/
Gene Hackman,111,nm0000432,https://www.imdb.com/name/nm0000432/
Nicolas Cage,112,nm0000115,https://www.imdb.com/name/nm0000115/
Christopher Walken,113,nm0000686,https://www.imdb.com/name/nm0000686/
Anne Hathaway,114,nm0004266,https://www.imdb.com/name/nm0004266/
Gérard Depardieu,115,nm0000367,https://www.imdb.com/name/nm0000367/
Christopher Plummer,116,nm0001626,https://www.imdb.com/name/nm0001626/
Bruce Willis,117,nm0000246,https://www.imdb.com/name/nm0000246/
Ian McKellen,118,nm0005212,https://www.imdb.com/name/nm0005212/
Russell Crowe,119,nm0000128,https://www.imdb.com/name/nm0000128/
Bill Murray,120,nm0000195,https://www.imdb.com/name/nm0000195/
Annette Bening,121,nm0000906,https://www.imdb.com/name/nm0000906/
Joe Pesci,122,nm0000582,https://www.imdb.com/name/nm0000582/
Kevin Costner,123,nm0000126,https://www.imdb.com/name/nm0000126/
Meg Ryan,124,nm0000212,https://www.imdb.com/name/nm0000212/
Donald Sutherland,125,nm0000661,https://www.imdb.com/name/nm0000661/
Clint Eastwood,126,nm0000142,https://www.imdb.com/name/nm0000142/
Michael Douglas,127,nm0000140,https://www.imdb.com/name/nm0000140/
Robert Downey Jr.,128,nm0000375,https://www.imdb.com/name/nm0000375/
Ava Gardner,129,nm0001257,https://www.imdb.com/name/nm0001257/
Sally Field,130,nm0000398,https://www.imdb.com/name/nm0000398/
Doris Day,131,nm0000013,https://www.imdb.com/name/nm0000013/
Shirley MacLaine,132,nm0000511,https://www.imdb.com/name/nm0000511/
Holly Hunter,133,nm0000456,https://www.imdb.com/name/nm0000456/
Willem Dafoe,134,nm0000353,https://www.imdb.com/name/nm0000353/
Hilary Swank,135,nm0005476,https://www.imdb.com/name/nm0005476/
Chiwetel Ejiofor,136,nm0252230,https://www.imdb.com/name/nm0252230/
Claudette Colbert,137,nm0001055,https://www.imdb.com/name/nm0001055/
Diane Lane,138,nm0000178,https://www.imdb.com/name/nm0000178/
Jessica Lange,139,nm0001448,https://www.imdb.com/name/nm0001448/
Gloria Swanson,140,nm0841797,https://www.imdb.com/name/nm0841797/
Michael Caine,141,nm0000323,https://www.imdb.com/name/nm0000323/
Lauren Bacall,142,nm0000002,https://www.imdb.com/name/nm0000002/
Norma Shearer,143,nm0790454,https://www.imdb.com/name/nm0790454/
Bette Midler,144,nm0000541,https://www.imdb.com/name/nm0000541/
Mary Tyler Moore,145,nm0001546,https://www.imdb.com/name/nm0001546/
Anna Magnani,146,nm0536167,https://www.imdb.com/name/nm0536167/
Judi Dench,147,nm0001132,https://www.imdb.com/name/nm0001132/
Sharon Stone,148,nm0000232,https://www.imdb.com/name/nm0000232/
Kim Basinger,149,nm0000107,https://www.imdb.com/name/nm0000107/
Timothée Chalamet,150,nm3154303,https://www.imdb.com/name/nm3154303/
Glenda Jackson,151,nm0413559,https://www.imdb.com/name/nm0413559/
Donna Reed,152,nm0001656,https://www.imdb.com/name/nm0001656/
Demi Moore,153,nm0000193,https://www.imdb.com/name/nm0000193/
Liza Minnelli,154,nm0591485,https://www.imdb.com/name/nm0591485/
Geena Davis,155,nm0000133,https://www.imdb.com/name/nm0000133/
Peter Sellers,156,nm0000634,https://www.imdb.com/name/nm0000634/
Mel Gibson,157,nm0000154,https://www.imdb.com/name/nm0000154/
Jim Carrey,158,nm0000120,https://www.imdb.com/name/nm0000120/
Mark Wahlberg,159,nm0000242,https://www.imdb.com/name/nm0000242/
Steve Martin,160,nm0000188,https://www.imdb.com/name/nm0000188/
Javier Bardem,161,nm0000849,https://www.imdb.com/name/nm0000849/
Christoph Waltz,162,nm0910607,https://www.imdb.com/name/nm0910607/
Tim Robbins,163,nm0000209,https://www.imdb.com/name/nm0000209/
Arnold Schwarzenegger,164,nm0000216,https://www.imdb.com/name/nm0000216/
Sylvester Stallone,165,nm0000230,https://www.imdb.com/name/nm0000230/
Viggo Mortensen,166,nm0001557,https://www.imdb.com/name/nm0001557/
Christopher Lee,167,nm0000489,https://www.imdb.com/name/nm0000489/
Geoffrey Rush,168,nm0001691,https://www.imdb.com/name/nm0001691/
Alec Guinness,169,nm0000027,https://www.imdb.com/name/nm0000027/
Richard Burton,170,nm0000009,https://www.imdb.com/name/nm0000009/
Lucy Liu,171,nm0005154,https://www.imdb.com/name/nm0005154/
Alec Baldwin,172,nm0000285,https://www.imdb.com/name/nm0000285/
James Caan,173,nm0001001,https://www.imdb.com/name/nm0001001/
Mads Mikkelsen,174,nm0586568,https://www.imdb.com/name/nm0586568/
Ben Stiller,175,nm0001774,https://www.imdb.com/name/nm0001774/
Ed Harris,176,nm0000438,https://www.imdb.com/name/nm0000438/
Harvey Keitel,177,nm0000172,https://www.imdb.com/name/nm0000172/
Jon Voight,178,nm0000685,https://www.imdb.com/name/nm0000685/
Drew Barrymore,179,nm0000106,https://www.imdb.com/name/nm0000106/
Winona Ryder,180,nm0000213,https://www.imdb.com/name/nm0000213/
Kathleen Turner,181,nm0000678,https://www.imdb.com/name/nm0000678/
Uma Thurman,182,nm0000235,https://www.imdb.com/name/nm0000235/
Rene Russo,183,nm0000623,https://www.imdb.com/name/nm0000623/
Whoopi Goldberg,184,nm0000155,https://www.imdb.com/name/nm0000155/
Maggie Smith,185,nm0001749,https://www.imdb.com/name/nm0001749/
Barbra Streisand,186,nm0000659,https://www.imdb.com/name/nm0000659/
Jennifer Lawrence,187,nm2225369,https://www.imdb.com/name/nm2225369/
Joanne Woodward,188,nm0940946,https://www.imdb.com/name/nm0940946/
Mercedes McCambridge,189,nm0564790,https://www.imdb.com/name/nm0564790/
Anjelica Huston,190,nm0001378,https://www.imdb.com/name/nm0001378/
Dianne Wiest,191,nm0001848,https://www.imdb.com/name/nm0001848/
Goldie Hawn,192,nm0000443,https://www.imdb.com/name/nm0000443/
Claudia Cardinale,193,nm0001012,https://www.imdb.com/name/nm0001012/
Gwyneth Paltrow,194,nm0000569,https://www.imdb.com/name/nm0000569/
Charlize Theron,195,nm0000234,https://www.imdb.com/name/nm0000234/
Debra Winger,196,nm0000700,https://www.imdb.com/name/nm0000700/
Marion Cotillard,197,nm0182839,https://www.imdb.com/name/nm0182839/
Christina Ricci,198,nm0000207,https://www.imdb.com/name/nm0000207/
Juliette Binoche,199,nm0000300,https://www.imdb.com/name/nm0000300/
Daryl Hannah,200,nm0000435,https://www.imdb.com/name/nm0000435/
Shirley Booth,201,nm0095804,https://www.imdb.com/name/nm0095804/
Reese Witherspoon,202,nm0000702,https://www.imdb.com/name/nm0000702/
Benicio Del Toro,203,nm0001125,https://www.imdb.com/name/nm0001125/
Kevin Bacon,204,nm0000102,https://www.imdb.com/name/nm0000102/
Patrick Swayze,205,nm0000664,https://www.imdb.com/name/nm0000664/
Toni Collette,206,nm0001057,https://www.imdb.com/name/nm0001057/
Robert Duvall,207,nm0000380,https://www.imdb.com/name/nm0000380/
Burt Lancaster,208,nm0000044,https://www.imdb.com/name/nm0000044/
Robert Mitchum,209,nm0000053,https://www.imdb.com/name/nm0000053/
Colin Farrell,210,nm0268199,https://www.imdb.com/name/nm0268199/
William Holden,211,nm0000034,https://www.imdb.com/name/nm0000034/
Edward G. Robinson,212,nm0000064,https://www.imdb.com/name/nm0000064/
William Powell,213,nm0001635,https://www.imdb.com/name/nm0001635/
Jared Leto,214,nm0001467,https://www.imdb.com/name/nm0001467/
Errol Flynn,215,nm0001224,https://www.imdb.com/name/nm0001224/
Groucho Marx,216,nm0000050,https://www.imdb.com/name/nm0000050/
James Mason,217,nm0000051,https://www.imdb.com/name/nm0000051/
Buster Keaton,218,nm0000036,https://www.imdb.com/name/nm0000036/
Orson Welles,219,nm0000080,https://www.imdb.com/name/nm0000080/
Fred Astaire,220,nm0000001,https://www.imdb.com/name/nm0000001/
Bradley Cooper,221,nm0177896,https://www.imdb.com/name/nm0177896/
Gary Oldman,222,nm0000198,https://www.imdb.com/name/nm0000198/
Jude Law,223,nm0000179,https://www.imdb.com/name/nm0000179/
Paul Giamatti,224,nm0316079,https://www.imdb.com/name/nm0316079/
Liam Neeson,225,nm0000553,https://www.imdb.com/name/nm0000553/
Matt Damon,226,nm0000354,https://www.imdb.com/name/nm0000354/
Michael Fassbender,227,nm1055413,https://www.imdb.com/name/nm1055413/
Carol Burnett,228,nm0000993,https://www.imdb.com/name/nm0000993/
Jessica Tandy,229,nm0001788,https://www.imdb.com/name/nm0001788/
Helen Hunt,230,nm0000166,https://www.imdb.com/name/nm0000166/
Patricia Arquette,231,nm0000099,https://www.imdb.com/name/nm0000099/
Carmen Miranda,232,nm0000544,https://www.imdb.com/name/nm0000544/
Kate Hudson,233,nm0005028,https://www.imdb.com/name/nm0005028/
Catherine Zeta-Jones,234,nm0001876,https://www.imdb.com/name/nm0001876/
Cameron Diaz,235,nm0000139,https://www.imdb.com/name/nm0000139/
Debbie Reynolds,236,nm0001666,https://www.imdb.com/name/nm0001666/
Ellen Burstyn,237,nm0000995,https://www.imdb.com/name/nm0000995/
Maureen O&apos;Hara,238,nm0000058,https://www.imdb.com/name/nm0000058/
Myrna Loy,239,nm0001485,https://www.imdb.com/name/nm0001485/
Lena Headey,240,nm0372176,https://www.imdb.com/name/nm0372176/
Laura Linney,241,nm0001473,https://www.imdb.com/name/nm0001473/
Marlene Dietrich,242,nm0000017,https://www.imdb.com/name/nm0000017/
Carole Lombard,243,nm0001479,https://www.imdb.com/name/nm0001479/
Jean Arthur,244,nm0000795,https://www.imdb.com/name/nm0000795/
Woody Allen,245,nm0000095,https://www.imdb.com/name/nm0000095/
Jean Harlow,246,nm0001318,https://www.imdb.com/name/nm0001318/
Ginger Rogers,247,nm0001677,https://www.imdb.com/name/nm0001677/
Mary Pickford,248,nm0681933,https://www.imdb.com/name/nm0681933/
Mae West,249,nm0922213,https://www.imdb.com/name/nm0922213/
Gillian Anderson,250,nm0000096,https://www.imdb.com/name/nm0000096/
Emma Watson,251,nm0914612,https://www.imdb.com/name/nm0914612/
Alan Arkin,252,nm0000273,https://www.imdb.com/name/nm0000273/
Kurt Russell,253,nm0000621,https://www.imdb.com/name/nm0000621/
Jake Gyllenhaal,254,nm0350453,https://www.imdb.com/name/nm0350453/
Ryan Gosling,255,nm0331516,https://www.imdb.com/name/nm0331516/
Colin Firth,256,nm0000147,https://www.imdb.com/name/nm0000147/
Jamie Foxx,257,nm0004937,https://www.imdb.com/name/nm0004937/
Adrien Brody,258,nm0004778,https://www.imdb.com/name/nm0004778/
Roberto Benigni,259,nm0000905,https://www.imdb.com/name/nm0000905/
Jeremy Irons,260,nm0000460,https://www.imdb.com/name/nm0000460/
F. Murray Abraham,261,nm0000719,https://www.imdb.com/name/nm0000719/
Richard Dreyfuss,262,nm0000377,https://www.imdb.com/name/nm0000377/
Peter Finch,263,nm0002075,https://www.imdb.com/name/nm0002075/
Art Carney,264,nm0138770,https://www.imdb.com/name/nm0138770/
Cliff Robertson,265,nm0731772,https://www.imdb.com/name/nm0731772/
Lee Marvin,266,nm0001511,https://www.imdb.com/name/nm0001511/
Rex Harrison,267,nm0001322,https://www.imdb.com/name/nm0001322/
Anthony Quinn,268,nm0000063,https://www.imdb.com/name/nm0000063/
Maximilian Schell,269,nm0001703,https://www.imdb.com/name/nm0001703/
Tom Hardy,270,nm0362766,https://www.imdb.com/name/nm0362766/
David Niven,271,nm0000057,https://www.imdb.com/name/nm0000057/
William Hurt,272,nm0000458,https://www.imdb.com/name/nm0000458/
Yul Brynner,273,nm0000989,https://www.imdb.com/name/nm0000989/
Ernest Borgnine,274,nm0000308,https://www.imdb.com/name/nm0000308/
Benedict Cumberbatch,275,nm1212722,https://www.imdb.com/name/nm1212722/
Rod Steiger,276,nm0001768,https://www.imdb.com/name/nm0001768/
Chloë Grace Moretz,277,nm1631269,https://www.imdb.com/name/nm1631269/
Anna Kendrick,278,nm0447695,https://www.imdb.com/name/nm0447695/
Emily Watson,279,nm0001833,https://www.imdb.com/name/nm0001833/
Helena Bonham Carter,280,nm0000307,https://www.imdb.com/name/nm0000307/
Keira Knightley,281,nm0461136,https://www.imdb.com/name/nm0461136/
Alexis Thorpe,282,nm0005490,https://www.imdb.com/name/nm0005490/
Marion Davies,283,nm0203836,https://www.imdb.com/name/nm0203836/
Scarlett Johansson,284,nm0424060,https://www.imdb.com/name/nm0424060/
Dakota Fanning,285,nm0266824,https://www.imdb.com/name/nm0266824/
Jennifer Aniston,286,nm0000098,https://www.imdb.com/name/nm0000098/
Jennifer Connelly,287,nm0000124,https://www.imdb.com/name/nm0000124/
Rachel McAdams,288,nm1046097,https://www.imdb.com/name/nm1046097/
Carey Mulligan,289,nm1659547,https://www.imdb.com/name/nm1659547/
Mila Kunis,290,nm0005109,https://www.imdb.com/name/nm0005109/
Amanda Seyfried,291,nm1086543,https://www.imdb.com/name/nm1086543/
Jennifer Lopez,292,nm0000182,https://www.imdb.com/name/nm0000182/
Neve Campbell,293,nm0000117,https://www.imdb.com/name/nm0000117/
Fairuza Balk,294,nm0000103,https://www.imdb.com/name/nm0000103/
Jessica Alba,295,nm0004695,https://www.imdb.com/name/nm0004695/
Kristen Stewart,296,nm0829576,https://www.imdb.com/name/nm0829576/
Julie Walters,297,nm0910278,https://www.imdb.com/name/nm0910278/
Rooney Mara,298,nm1913734,https://www.imdb.com/name/nm1913734/
Jamie Lee Curtis,299,nm0000130,https://www.imdb.com/name/nm0000130/
Emma Stone,300,nm1297015,https://www.imdb.com/name/nm1297015/
Kirsten Dunst,301,nm0000379,https://www.imdb.com/name/nm0000379/
José Ferrer,302,nm0001207,https://www.imdb.com/name/nm0001207/
Broderick Crawford,303,nm0002024,https://www.imdb.com/name/nm0002024/
Ronald Colman,304,nm0172903,https://www.imdb.com/name/nm0172903/
Fredric March,305,nm0545298,https://www.imdb.com/name/nm0545298/
Ray Milland,306,nm0001537,https://www.imdb.com/name/nm0001537/
Bing Crosby,307,nm0001078,https://www.imdb.com/name/nm0001078/
Paul Lukas,308,nm0510134,https://www.imdb.com/name/nm0510134/
Robert Donat,309,nm0232196,https://www.imdb.com/name/nm0232196/
Paul Muni,310,nm0612847,https://www.imdb.com/name/nm0612847/
Victor McLaglen,311,nm0572142,https://www.imdb.com/name/nm0572142/
Charles Laughton,312,nm0001452,https://www.imdb.com/name/nm0001452/
Wallace Beery,313,nm0000891,https://www.imdb.com/name/nm0000891/
Lionel Barrymore,314,nm0000859,https://www.imdb.com/name/nm0000859/
Jeff Goldblum,315,nm0000156,https://www.imdb.com/name/nm0000156/
Chris Hemsworth,316,nm1165110,https://www.imdb.com/name/nm1165110/
Warner Baxter,317,nm0062828,https://www.imdb.com/name/nm0062828/
Emil Jannings,318,nm0417837,https://www.imdb.com/name/nm0417837/
Chris Cooper,319,nm0177933,https://www.imdb.com/name/nm0177933/
Jim Broadbent,320,nm0000980,https://www.imdb.com/name/nm0000980/
James Coburn,321,nm0000336,https://www.imdb.com/name/nm0000336/
Cuba Gooding Jr.,322,nm0000421,https://www.imdb.com/name/nm0000421/
Martin Landau,323,nm0001445,https://www.imdb.com/name/nm0001445/
Jack Palance,324,nm0001588,https://www.imdb.com/name/nm0001588/
Kevin Kline,325,nm0000177,https://www.imdb.com/name/nm0000177/
Don Ameche,326,nm0000747,https://www.imdb.com/name/nm0000747/
Kate Beckinsale,327,nm0000295,https://www.imdb.com/name/nm0000295/
Zooey Deschanel,328,nm0221046,https://www.imdb.com/name/nm0221046/
Michelle Williams,329,nm0931329,https://www.imdb.com/name/nm0931329/
Milla Jovovich,330,nm0000170,https://www.imdb.com/name/nm0000170/
Selena Gomez,331,nm1411125,https://www.imdb.com/name/nm1411125/
Rachel Weisz,332,nm0001838,https://www.imdb.com/name/nm0001838/
Kristen Bell,333,nm0068338,https://www.imdb.com/name/nm0068338/
Katherine Heigl,334,nm0001337,https://www.imdb.com/name/nm0001337/
Liv Tyler,335,nm0000239,https://www.imdb.com/name/nm0000239/
Jessica Chastain,336,nm1567113,https://www.imdb.com/name/nm1567113/
Megan Fox,337,nm1083271,https://www.imdb.com/name/nm1083271/
Betty White,338,nm0924508,https://www.imdb.com/name/nm0924508/
Geraldine Page,339,nm0656183,https://www.imdb.com/name/nm0656183/
Eliza Dushku,340,nm0244630,https://www.imdb.com/name/nm0244630/
Robin Wright,341,nm0000705,https://www.imdb.com/name/nm0000705/
Leighton Meester,342,nm1015262,https://www.imdb.com/name/nm1015262/
Jennifer Jones,343,nm0428354,https://www.imdb.com/name/nm0428354/
Shirley Temple,344,nm0000073,https://www.imdb.com/name/nm0000073/
Julia Louis-Dreyfus,345,nm0000506,https://www.imdb.com/name/nm0000506/
Olivia Thirlby,346,nm1880888,https://www.imdb.com/name/nm1880888/
Cher,347,nm0000333,https://www.imdb.com/name/nm0000333/
Sissy Spacek,348,nm0000651,https://www.imdb.com/name/nm0000651/
Louise Fletcher,349,nm0001221,https://www.imdb.com/name/nm0001221/
Julie Christie,350,nm0001046,https://www.imdb.com/name/nm0001046/
Patricia Neal,351,nm0623658,https://www.imdb.com/name/nm0623658/
Haing S. Ngor,352,nm0628955,https://www.imdb.com/name/nm0628955/
Louis Gossett Jr.,353,nm0001283,https://www.imdb.com/name/nm0001283/
John Gielgud,354,nm0000024,https://www.imdb.com/name/nm0000024/
Timothy Hutton,355,nm0000459,https://www.imdb.com/name/nm0000459/
Melvyn Douglas,356,nm0002048,https://www.imdb.com/name/nm0002048/
Jason Robards,357,nm0001673,https://www.imdb.com/name/nm0001673/
George Burns,358,nm0122675,https://www.imdb.com/name/nm0122675/
Christian Bale,359,nm0000288,https://www.imdb.com/name/nm0000288/
Ethan Hawke,360,nm0000160,https://www.imdb.com/name/nm0000160/
Ben Johnson,361,nm0424565,https://www.imdb.com/name/nm0424565/
John Mills,362,nm0590055,https://www.imdb.com/name/nm0590055/
Jack Albertson,363,nm0016776,https://www.imdb.com/name/nm0016776/
Sean Penn,364,nm0000576,https://www.imdb.com/name/nm0000576/
George Kennedy,365,nm0001421,https://www.imdb.com/name/nm0001421/
Walter Matthau,366,nm0000527,https://www.imdb.com/name/nm0000527/
Martin Balsam,367,nm0000842,https://www.imdb.com/name/nm0000842/
Peter Ustinov,368,nm0001811,https://www.imdb.com/name/nm0001811/
Ed Begley,369,nm0003225,https://www.imdb.com/name/nm0003225/
George Chakiris,370,nm0001995,https://www.imdb.com/name/nm0001995/
Hugh Griffith,371,nm0341518,https://www.imdb.com/name/nm0341518/
Burl Ives,372,nm0412322,https://www.imdb.com/name/nm0412322/
Red Buttons,373,nm0000999,https://www.imdb.com/name/nm0000999/
Edmond O&apos;Brien,374,nm0639529,https://www.imdb.com/name/nm0639529/
Chris Pratt,375,nm0695435,https://www.imdb.com/name/nm0695435/
Frank Sinatra,376,nm0000069,https://www.imdb.com/name/nm0000069/
Anne Bancroft,377,nm0000843,https://www.imdb.com/name/nm0000843/
Kim Novak,378,nm0001571,https://www.imdb.com/name/nm0001571/
Simone Signoret,379,nm0797531,https://www.imdb.com/name/nm0797531/
Elliot Page,380,nm0680983,https://www.imdb.com/name/nm0680983/
Angela Lansbury,381,nm0001450,https://www.imdb.com/name/nm0001450/
Judy Holliday,382,nm0391062,https://www.imdb.com/name/nm0391062/
Loretta Young,383,nm0949835,https://www.imdb.com/name/nm0949835/
Shirley Jones,384,nm0429250,https://www.imdb.com/name/nm0429250/
Vera Farmiga,385,nm0267812,https://www.imdb.com/name/nm0267812/
Helen Hayes,386,nm0371040,https://www.imdb.com/name/nm0371040/
Marie Dressler,387,nm0237597,https://www.imdb.com/name/nm0237597/
Janet Gaynor,388,nm0310980,https://www.imdb.com/name/nm0310980/
Lupita Nyong&apos;o,389,nm2143282,https://www.imdb.com/name/nm2143282/
Octavia Spencer,390,nm0818055,https://www.imdb.com/name/nm0818055/
Melissa Leo,391,nm0502425,https://www.imdb.com/name/nm0502425/
Mo&apos;Nique,392,nm0594898,https://www.imdb.com/name/nm0594898/
Marlee Matlin,393,nm0559144,https://www.imdb.com/name/nm0559144/
Tilda Swinton,394,nm0842770,https://www.imdb.com/name/nm0842770/
Jennifer Hudson,395,nm1617685,https://www.imdb.com/name/nm1617685/
Renée Zellweger,396,nm0000250,https://www.imdb.com/name/nm0000250/
Marcia Gay Harden,397,nm0001315,https://www.imdb.com/name/nm0001315/
Anna Paquin,398,nm0001593,https://www.imdb.com/name/nm0001593/
Marisa Tomei,399,nm0000673,https://www.imdb.com/name/nm0000673/
Mercedes Ruehl,400,nm0001689,https://www.imdb.com/name/nm0001689/
Brenda Fricker,401,nm0002084,https://www.imdb.com/name/nm0002084/
Jean Reno,402,nm0000606,https://www.imdb.com/name/nm0000606/
George Sanders,403,nm0001695,https://www.imdb.com/name/nm0001695/
Dean Jagger,404,nm0415591,https://www.imdb.com/name/nm0415591/
Walter Huston,405,nm0404158,https://www.imdb.com/name/nm0404158/
Edmund Gwenn,406,nm0350324,https://www.imdb.com/name/nm0350324/
Harold Russell,407,nm0751174,https://www.imdb.com/name/nm0751174/
Hugh Grant,408,nm0000424,https://www.imdb.com/name/nm0000424/
Barry Fitzgerald,409,nm0280178,https://www.imdb.com/name/nm0280178/
Charles Coburn,410,nm0002013,https://www.imdb.com/name/nm0002013/
Van Heflin,411,nm0001336,https://www.imdb.com/name/nm0001336/
Donald Crisp,412,nm0187981,https://www.imdb.com/name/nm0187981/
Thomas Mitchell,413,nm0593775,https://www.imdb.com/name/nm0593775/
Walter Brennan,414,nm0000974,https://www.imdb.com/name/nm0000974/
Joseph Schildkraut,415,nm0771584,https://www.imdb.com/name/nm0771584/
Keanu Reeves,416,nm0000206,https://www.imdb.com/name/nm0000206/
Channing Tatum,417,nm1475594,https://www.imdb.com/name/nm1475594/
Hugh Jackman,418,nm0413168,https://www.imdb.com/name/nm0413168/
Dwayne Johnson,419,nm0425005,https://www.imdb.com/name/nm0425005/
Adam Sandler,420,nm0001191,https://www.imdb.com/name/nm0001191/
Daniel Radcliffe,421,nm0705356,https://www.imdb.com/name/nm0705356/
Daniel Craig,422,nm0185819,https://www.imdb.com/name/nm0185819/
Henry Cavill,423,nm0147147,https://www.imdb.com/name/nm0147147/
Vin Diesel,424,nm0004874,https://www.imdb.com/name/nm0004874/
Ben Affleck,425,nm0000255,https://www.imdb.com/name/nm0000255/
Chris Pine,426,nm1517976,https://www.imdb.com/name/nm1517976/
Olympia Dukakis,427,nm0001156,https://www.imdb.com/name/nm0001156/
Peggy Ashcroft,428,nm0001919,https://www.imdb.com/name/nm0001919/
Linda Hunt,429,nm0001373,https://www.imdb.com/name/nm0001373/
Maureen Stapleton,430,nm0822972,https://www.imdb.com/name/nm0822972/
Mary Steenburgen,431,nm0005460,https://www.imdb.com/name/nm0005460/
Beatrice Straight,432,nm0833152,https://www.imdb.com/name/nm0833152/
Vanessa Redgrave,433,nm0000603,https://www.imdb.com/name/nm0000603/
Lee Grant,434,nm0335519,https://www.imdb.com/name/nm0335519/
Eileen Heckart,435,nm0373012,https://www.imdb.com/name/nm0373012/
Cloris Leachman,436,nm0001458,https://www.imdb.com/name/nm0001458/
Ruth Gordon,437,nm0002106,https://www.imdb.com/name/nm0002106/
Estelle Parsons,438,nm0663820,https://www.imdb.com/name/nm0663820/
Sandy Dennis,439,nm0006800,https://www.imdb.com/name/nm0006800/
Shelley Winters,440,nm0001859,https://www.imdb.com/name/nm0001859/
Maggie Gyllenhaal,441,nm0350454,https://www.imdb.com/name/nm0350454/
Katie Holmes,442,nm0005017,https://www.imdb.com/name/nm0005017/
Patty Duke,443,nm0001157,https://www.imdb.com/name/nm0001157/
Rita Moreno,444,nm0001549,https://www.imdb.com/name/nm0001549/
Wendy Hiller,445,nm0384908,https://www.imdb.com/name/nm0384908/
Miyoshi Umeki,446,nm0880855,https://www.imdb.com/name/nm0880855/
Dorothy Malone,447,nm0540416,https://www.imdb.com/name/nm0540416/
Jo Van Fleet,448,nm0886888,https://www.imdb.com/name/nm0886888/
Eva Marie Saint,449,nm0001693,https://www.imdb.com/name/nm0001693/
Gloria Grahame,450,nm0002108,https://www.imdb.com/name/nm0002108/
Kim Hunter,451,nm0001375,https://www.imdb.com/name/nm0001375/
Lee J. Cobb,452,nm0002011,https://www.imdb.com/name/nm0002011/
Andrew Garfield,453,nm1940449,https://www.imdb.com/name/nm1940449/
John Cazale,454,nm0001030,https://www.imdb.com/name/nm0001030/
Jeremy Renner,455,nm0719637,https://www.imdb.com/name/nm0719637/
Steve Carell,456,nm0136797,https://www.imdb.com/name/nm0136797/
Jean Dujardin,457,nm0241121,https://www.imdb.com/name/nm0241121/
Chris Evans,458,nm0262635,https://www.imdb.com/name/nm0262635/
James Franco,459,nm0290556,https://www.imdb.com/name/nm0290556/
Zach Galifianakis,460,nm0302108,https://www.imdb.com/name/nm0302108/
Will Ferrell,461,nm0002071,https://www.imdb.com/name/nm0002071/
Shia LaBeouf,462,nm0479471,https://www.imdb.com/name/nm0479471/
Seth Rogen,463,nm0736622,https://www.imdb.com/name/nm0736622/
Joseph Gordon-Levitt,464,nm0330687,https://www.imdb.com/name/nm0330687/
Ryan Reynolds,465,nm0005351,https://www.imdb.com/name/nm0005351/
Paul Rudd,466,nm0748620,https://www.imdb.com/name/nm0748620/
Jason Segel,467,nm0781981,https://www.imdb.com/name/nm0781981/
Jason Statham,468,nm0005458,https://www.imdb.com/name/nm0005458/
Dick Van Dyke,469,nm0001813,https://www.imdb.com/name/nm0001813/
Jesse Eisenberg,470,nm0251986,https://www.imdb.com/name/nm0251986/
Owen Wilson,471,nm0005562,https://www.imdb.com/name/nm0005562/
Jason Bateman,472,nm0000867,https://www.imdb.com/name/nm0000867/
Tyler Perry,473,nm1347153,https://www.imdb.com/name/nm1347153/
Liam Hemsworth,474,nm2955013,https://www.imdb.com/name/nm2955013/
William Shatner,475,nm0000638,https://www.imdb.com/name/nm0000638/
Gene Wilder,476,nm0000698,https://www.imdb.com/name/nm0000698/
Thora Birch,477,nm0000301,https://www.imdb.com/name/nm0000301/
Claire Trevor,478,nm0872456,https://www.imdb.com/name/nm0872456/
Celeste Holm,479,nm0002141,https://www.imdb.com/name/nm0002141/
Anne Baxter,480,nm0000879,https://www.imdb.com/name/nm0000879/
Queen Latifah,481,nm0001451,https://www.imdb.com/name/nm0001451/
Ethel Barrymore,482,nm0000856,https://www.imdb.com/name/nm0000856/
Rosario Dawson,483,nm0206257,https://www.imdb.com/name/nm0206257/
Teresa Wright,484,nm0942863,https://www.imdb.com/name/nm0942863/
Mary Astor,485,nm0000802,https://www.imdb.com/name/nm0000802/
Jane Darwell,486,nm0002034,https://www.imdb.com/name/nm0002034/
Alicia Vikander,487,nm2539953,https://www.imdb.com/name/nm2539953/
Mia Wasikowska,488,nm1985859,https://www.imdb.com/name/nm1985859/
Abigail Breslin,489,nm1113550,https://www.imdb.com/name/nm1113550/
Gale Sondergaard,490,nm0814216,https://www.imdb.com/name/nm0814216/
Melissa McCarthy,491,nm0565250,https://www.imdb.com/name/nm0565250/
Tina Fey,492,nm0275486,https://www.imdb.com/name/nm0275486/
Zoe Saldana,493,nm0757855,https://www.imdb.com/name/nm0757855/
Elisabeth Moss,494,nm0005253,https://www.imdb.com/name/nm0005253/
Adrianne Palicki,495,nm1597316,https://www.imdb.com/name/nm1597316/
Jennifer Garner,496,nm0004950,https://www.imdb.com/name/nm0004950/
Kristen Wiig,497,nm1325419,https://www.imdb.com/name/nm1325419/
June Squibb,498,nm0820053,https://www.imdb.com/name/nm0820053/
Sally Hawkins,499,nm1020089,https://www.imdb.com/name/nm1020089/
Kaley Cuoco,500,nm0192505,https://www.imdb.com/name/nm0192505/
Naomi Watts,501,nm0915208,https://www.imdb.com/name/nm0915208/
Robert Pattinson,502,nm1500155,https://www.imdb.com/name/nm1500155/
Charlie Hunnam,503,nm0402271,https://www.imdb.com/name/nm0402271/
Nicholas Hoult,504,nm0396558,https://www.imdb.com/name/nm0396558/
Aaron Taylor-Johnson,505,nm1093951,https://www.imdb.com/name/nm1093951/
Bryan Cranston,506,nm0186505,https://www.imdb.com/name/nm0186505/
Gerard Butler,507,nm0124930,https://www.imdb.com/name/nm0124930/
Paul Walker,508,nm0908094,https://www.imdb.com/name/nm0908094/
Karl Urban,509,nm0881631,https://www.imdb.com/name/nm0881631/
Logan Lerman,510,nm0503567,https://www.imdb.com/name/nm0503567/
Dave Franco,511,nm2002649,https://www.imdb.com/name/nm2002649/
Tom Hiddleston,512,nm1089991,https://www.imdb.com/name/nm1089991/
Peter Dinklage,513,nm0227759,https://www.imdb.com/name/nm0227759/
Taylor Kitsch,514,nm2018237,https://www.imdb.com/name/nm2018237/
Edward Norton,515,nm0001570,https://www.imdb.com/name/nm0001570/
Guy Pearce,516,nm0001602,https://www.imdb.com/name/nm0001602/
Mark Ruffalo,517,nm0749263,https://www.imdb.com/name/nm0749263/
Mickey Rourke,518,nm0000620,https://www.imdb.com/name/nm0000620/
Frank Langella,519,nm0001449,https://www.imdb.com/name/nm0001449/
Eddie Redmayne,520,nm1519666,https://www.imdb.com/name/nm1519666/
David Strathairn,521,nm0000657,https://www.imdb.com/name/nm0000657/
Terrence Howard,522,nm0005024,https://www.imdb.com/name/nm0005024/
Ralph Fiennes,523,nm0000146,https://www.imdb.com/name/nm0000146/
Tom Wilkinson,524,nm0929489,https://www.imdb.com/name/nm0929489/
Richard Farnsworth,525,nm0002070,https://www.imdb.com/name/nm0002070/
Nick Nolte,526,nm0000560,https://www.imdb.com/name/nm0000560/
AnnaSophia Robb,527,nm1455681,https://www.imdb.com/name/nm1455681/
Gemma Arterton,528,nm2605345,https://www.imdb.com/name/nm2605345/
Olivia Wilde,529,nm1312575,https://www.imdb.com/name/nm1312575/
Isla Fisher,530,nm0279545,https://www.imdb.com/name/nm0279545/
Shailene Woodley,531,nm0940362,https://www.imdb.com/name/nm0940362/
Rebel Wilson,532,nm2313103,https://www.imdb.com/name/nm2313103/
Emma Roberts,533,nm0731075,https://www.imdb.com/name/nm0731075/
Amber Heard,534,nm1720028,https://www.imdb.com/name/nm1720028/
Teresa Palmer,535,nm1954240,https://www.imdb.com/name/nm1954240/
Saoirse Ronan,536,nm1519680,https://www.imdb.com/name/nm1519680/
Elizabeth Banks,537,nm0006969,https://www.imdb.com/name/nm0006969/
Ida Lupino,538,nm0526946,https://www.imdb.com/name/nm0526946/
Natalie Dormer,539,nm1754059,https://www.imdb.com/name/nm1754059/
Brittany Snow,540,nm0811242,https://www.imdb.com/name/nm0811242/
Kate Mara,541,nm0544718,https://www.imdb.com/name/nm0544718/
Julianne Hough,542,nm2584600,https://www.imdb.com/name/nm2584600/
Lily Collins,543,nm2934314,https://www.imdb.com/name/nm2934314/
Cobie Smulders,544,nm1130627,https://www.imdb.com/name/nm1130627/
Alice Eve,545,nm1404408,https://www.imdb.com/name/nm1404408/
Jamie Chung,546,nm1512166,https://www.imdb.com/name/nm1512166/
Noomi Rapace,547,nm0636426,https://www.imdb.com/name/nm0636426/
Blake Lively,548,nm0515116,https://www.imdb.com/name/nm0515116/
Maggie Grace,549,nm1192254,https://www.imdb.com/name/nm1192254/
Jessica Biel,550,nm0004754,https://www.imdb.com/name/nm0004754/
Eva Green,551,nm1200692,https://www.imdb.com/name/nm1200692/
Peter Fonda,552,nm0001228,https://www.imdb.com/name/nm0001228/
Woody Harrelson,553,nm0000437,https://www.imdb.com/name/nm0000437/
Billy Bob Thornton,554,nm0000671,https://www.imdb.com/name/nm0000671/
Idris Elba,555,nm0252961,https://www.imdb.com/name/nm0252961/
Nigel Hawthorne,556,nm0001329,https://www.imdb.com/name/nm0001329/
Laurence Fishburne,557,nm0000401,https://www.imdb.com/name/nm0000401/
Stephen Rea,558,nm0001653,https://www.imdb.com/name/nm0001653/
Warren Beatty,559,nm0000886,https://www.imdb.com/name/nm0000886/
Richard Harris,560,nm0001321,https://www.imdb.com/name/nm0001321/
John Cusack,561,nm0000131,https://www.imdb.com/name/nm0000131/
Kenneth Branagh,562,nm0000110,https://www.imdb.com/name/nm0000110/
Edward James Olmos,563,nm0001579,https://www.imdb.com/name/nm0001579/
Max von Sydow,564,nm0001884,https://www.imdb.com/name/nm0001884/
Bruce Dern,565,nm0001136,https://www.imdb.com/name/nm0001136/
Bob Hoskins,566,nm0001364,https://www.imdb.com/name/nm0001364/
James Woods,567,nm0000249,https://www.imdb.com/name/nm0000249/
John Hawkes,568,nm0370035,https://www.imdb.com/name/nm0370035/
James Garner,569,nm0001258,https://www.imdb.com/name/nm0001258/
Sam Waterston,570,nm0001832,https://www.imdb.com/name/nm0001832/
Tom Hulce,571,nm0001371,https://www.imdb.com/name/nm0001371/
Albert Finney,572,nm0001215,https://www.imdb.com/name/nm0001215/
Tom Conti,573,nm0002018,https://www.imdb.com/name/nm0002018/
Tom Courtenay,574,nm0183822,https://www.imdb.com/name/nm0183822/
Dudley Moore,575,nm0001545,https://www.imdb.com/name/nm0001545/
John Hurt,576,nm0000457,https://www.imdb.com/name/nm0000457/
Kat Dennings,577,nm0993507,https://www.imdb.com/name/nm0993507/
Priyanka Chopra Jonas,578,nm1231899,https://www.imdb.com/name/nm1231899/
Emmanuelle Riva,579,nm0728938,https://www.imdb.com/name/nm0728938/
Greta Gerwig,580,nm1950086,https://www.imdb.com/name/nm1950086/
Brie Larson,581,nm0488953,https://www.imdb.com/name/nm0488953/
Jessica Lucas,582,nm1140300,https://www.imdb.com/name/nm1140300/
Maria Falconetti,583,nm0266029,https://www.imdb.com/name/nm0266029/
Greer Garson,584,nm0002093,https://www.imdb.com/name/nm0002093/
Rosalind Russell,585,nm0751426,https://www.imdb.com/name/nm0751426/
Raquel Welch,586,nm0000079,https://www.imdb.com/name/nm0000079/
Linda Fiorentino,587,nm0000400,https://www.imdb.com/name/nm0000400/
Gabourey Sidibe,588,nm2829737,https://www.imdb.com/name/nm2829737/
Judy Davis,589,nm0001114,https://www.imdb.com/name/nm0001114/
Mia Farrow,590,nm0001201,https://www.imdb.com/name/nm0001201/
Audrey Tautou,591,nm0851582,https://www.imdb.com/name/nm0851582/
Jeanne Moreau,592,nm0603402,https://www.imdb.com/name/nm0603402/
Jane Wyman,593,nm0943837,https://www.imdb.com/name/nm0943837/
Gena Rowlands,594,nm0001687,https://www.imdb.com/name/nm0001687/
Lesley Manville,595,nm0544334,https://www.imdb.com/name/nm0544334/
Elizabeth Olsen,596,nm0647634,https://www.imdb.com/name/nm0647634/
Nastassja Kinski,597,nm0000176,https://www.imdb.com/name/nm0000176/
Mélanie Laurent,598,nm0491259,https://www.imdb.com/name/nm0491259/
Whitney Houston,599,nm0001365,https://www.imdb.com/name/nm0001365/
Felicity Huffman,600,nm0005031,https://www.imdb.com/name/nm0005031/
Imelda Staunton,601,nm0001767,https://www.imdb.com/name/nm0001767/
Oscar Isaac,602,nm1209966,https://www.imdb.com/name/nm1209966/
Jon Heder,603,nm1417647,https://www.imdb.com/name/nm1417647/
Miles Teller,604,nm1886602,https://www.imdb.com/name/nm1886602/
Daniel Brühl,605,nm0117709,https://www.imdb.com/name/nm0117709/
James Gandolfini,606,nm0001254,https://www.imdb.com/name/nm0001254/
Michael B. Jordan,607,nm0430107,https://www.imdb.com/name/nm0430107/
Anthony Perkins,608,nm0000578,https://www.imdb.com/name/nm0000578/
David Thewlis,609,nm0000667,https://www.imdb.com/name/nm0000667/
Klaus Kinski,610,nm0001428,https://www.imdb.com/name/nm0001428/
Malcolm McDowell,611,nm0000532,https://www.imdb.com/name/nm0000532/
Ray Winstone,612,nm0935653,https://www.imdb.com/name/nm0935653/
Jean-Paul Belmondo,613,nm0000901,https://www.imdb.com/name/nm0000901/
Andy Serkis,614,nm0785227,https://www.imdb.com/name/nm0785227/
Matthew Broderick,615,nm0000111,https://www.imdb.com/name/nm0000111/
Dennis Hopper,616,nm0000454,https://www.imdb.com/name/nm0000454/
Michael Rooker,617,nm0740264,https://www.imdb.com/name/nm0740264/
Vincent Gallo,618,nm0001252,https://www.imdb.com/name/nm0001252/
Kevin Spacey,619,nm0000228,https://www.imdb.com/name/nm0000228/
Vincent Cassel,620,nm0001993,https://www.imdb.com/name/nm0001993/
J.K. Simmons,621,nm0799777,https://www.imdb.com/name/nm0799777/
Boris Karloff,622,nm0000472,https://www.imdb.com/name/nm0000472/
Peter Lorre,623,nm0000048,https://www.imdb.com/name/nm0000048/
Matthew McConaughey,624,nm0000190,https://www.imdb.com/name/nm0000190/
Paddy Considine,625,nm0175916,https://www.imdb.com/name/nm0175916/
Ryan Phillippe,626,nm0000202,https://www.imdb.com/name/nm0000202/
Kerry Washington,627,nm0913488,https://www.imdb.com/name/nm0913488/
Carrie-Anne Moss,628,nm0005251,https://www.imdb.com/name/nm0005251/
Janet Leigh,629,nm0001463,https://www.imdb.com/name/nm0001463/
Catalina Sandino Moreno,630,nm1503432,https://www.imdb.com/name/nm1503432/
Samantha Morton,631,nm0608090,https://www.imdb.com/name/nm0608090/
Keisha Castle-Hughes,632,nm1095720,https://www.imdb.com/name/nm1095720/
Barbara Stanwyck,633,nm0001766,https://www.imdb.com/name/nm0001766/
Joan Allen,634,nm0000260,https://www.imdb.com/name/nm0000260/
Janet McTeer,635,nm0005216,https://www.imdb.com/name/nm0005216/
Fernanda Montenegro,636,nm0005244,https://www.imdb.com/name/nm0005244/
Kristin Scott Thomas,637,nm0000218,https://www.imdb.com/name/nm0000218/
Brenda Blethyn,638,nm0000950,https://www.imdb.com/name/nm0000950/
Elisabeth Shue,639,nm0000223,https://www.imdb.com/name/nm0000223/
Miranda Richardson,640,nm0001669,https://www.imdb.com/name/nm0001669/
Stockard Channing,641,nm0000330,https://www.imdb.com/name/nm0000330/
Luise Rainer,642,nm0707023,https://www.imdb.com/name/nm0707023/
Mary McDonnell,643,nm0001521,https://www.imdb.com/name/nm0001521/
Lucille Ball,644,nm0000840,https://www.imdb.com/name/nm0000840/
Laura Dern,645,nm0000368,https://www.imdb.com/name/nm0000368/
Pauline Collins,646,nm0172604,https://www.imdb.com/name/nm0172604/
Isabelle Adjani,647,nm0000254,https://www.imdb.com/name/nm0000254/
Melanie Griffith,648,nm0000429,https://www.imdb.com/name/nm0000429/
Sally Kirkland,649,nm0000476,https://www.imdb.com/name/nm0000476/
Jane Alexander,650,nm0000737,https://www.imdb.com/name/nm0000737/
Marsha Mason,651,nm0556850,https://www.imdb.com/name/nm0556850/
Freddie Highmore,652,nm0383603,https://www.imdb.com/name/nm0383603/
Michael J. Fox,653,nm0000150,https://www.imdb.com/name/nm0000150/
John Travolta,654,nm0000237,https://www.imdb.com/name/nm0000237/
Chow Yun-Fat,655,nm0000334,https://www.imdb.com/name/nm0000334/
Seth MacFarlane,656,nm0532235,https://www.imdb.com/name/nm0532235/
Jet Li,657,nm0001472,https://www.imdb.com/name/nm0001472/
John Houseman,658,nm0002144,https://www.imdb.com/name/nm0002144/
Chuck Norris,659,nm0001569,https://www.imdb.com/name/nm0001569/
Jean-Claude Van Damme,660,nm0000241,https://www.imdb.com/name/nm0000241/
Sam Rockwell,661,nm0005377,https://www.imdb.com/name/nm0005377/
Takashi Shimura,662,nm0793766,https://www.imdb.com/name/nm0793766/
Richard E. Grant,663,nm0001290,https://www.imdb.com/name/nm0001290/
Leslie Nielsen,664,nm0000558,https://www.imdb.com/name/nm0000558/
Simon Pegg,665,nm0670408,https://www.imdb.com/name/nm0670408/
John Malkovich,666,nm0000518,https://www.imdb.com/name/nm0000518/
Michael Shannon,667,nm0788335,https://www.imdb.com/name/nm0788335/
Martin Sheen,668,nm0000640,https://www.imdb.com/name/nm0000640/
Christopher Guest,669,nm0001302,https://www.imdb.com/name/nm0001302/
Alan Rickman,670,nm0000614,https://www.imdb.com/name/nm0000614/
Jackie Earle Haley,671,nm0355097,https://www.imdb.com/name/nm0355097/
Gig Young,672,nm0949574,https://www.imdb.com/name/nm0949574/
James Spader,673,nm0000652,https://www.imdb.com/name/nm0000652/
Eric Bana,674,nm0051509,https://www.imdb.com/name/nm0051509/
Romain Duris,675,nm0244151,https://www.imdb.com/name/nm0244151/
Robert Shaw,676,nm0001727,https://www.imdb.com/name/nm0001727/
Jacki Weaver,677,nm0915865,https://www.imdb.com/name/nm0915865/
Bérénice Bejo,678,nm0067367,https://www.imdb.com/name/nm0067367/
Hailee Steinfeld,679,nm2794962,https://www.imdb.com/name/nm2794962/
Jennifer Jason Leigh,680,nm0000492,https://www.imdb.com/name/nm0000492/
Kathleen Quinlan,681,nm0000599,https://www.imdb.com/name/nm0000599/
Taraji P. Henson,682,nm0378245,https://www.imdb.com/name/nm0378245/
Amy Ryan,683,nm0752407,https://www.imdb.com/name/nm0752407/
Ruby Dee,684,nm0002039,https://www.imdb.com/name/nm0002039/
Jill Clayburgh,685,nm0001049,https://www.imdb.com/name/nm0001049/
Adriana Barraza,686,nm0056770,https://www.imdb.com/name/nm0056770/
Rinko Kikuchi,687,nm0452860,https://www.imdb.com/name/nm0452860/
Catherine Keener,688,nm0001416,https://www.imdb.com/name/nm0001416/
Charlotte Rampling,689,nm0001648,https://www.imdb.com/name/nm0001648/
Sophie Okonedo,690,nm0645683,https://www.imdb.com/name/nm0645683/
Patricia Clarkson,691,nm0165101,https://www.imdb.com/name/nm0165101/
Shohreh Aghdashloo,692,nm0013037,https://www.imdb.com/name/nm0013037/
Lindsay Lohan,693,nm0517820,https://www.imdb.com/name/nm0517820/
Michelle Trachtenberg,694,nm0005502,https://www.imdb.com/name/nm0005502/
Chloë Sevigny,695,nm0001721,https://www.imdb.com/name/nm0001721/
Lynn Redgrave,696,nm0001655,https://www.imdb.com/name/nm0001655/
Rachel Griffiths,697,nm0341737,https://www.imdb.com/name/nm0341737/
Margot Robbie,698,nm3053338,https://www.imdb.com/name/nm3053338/
Lili Taylor,699,nm0000666,https://www.imdb.com/name/nm0000666/
Robin Weigert,700,nm0917848,https://www.imdb.com/name/nm0917848/
Lake Bell,701,nm1128572,https://www.imdb.com/name/nm1128572/
Claude Rains,702,nm0001647,https://www.imdb.com/name/nm0001647/
Steve Buscemi,703,nm0000114,https://www.imdb.com/name/nm0000114/
John Rhys-Davies,704,nm0722636,https://www.imdb.com/name/nm0722636/
Jean-Louis Trintignant,705,nm0004462,https://www.imdb.com/name/nm0004462/
Joseph Cotten,706,nm0001072,https://www.imdb.com/name/nm0001072/
Barry Pepper,707,nm0001608,https://www.imdb.com/name/nm0001608/
Erich von Stroheim,708,nm0002233,https://www.imdb.com/name/nm0002233/
Patrick Wilson,709,nm0933940,https://www.imdb.com/name/nm0933940/
Christopher Lloyd,710,nm0000502,https://www.imdb.com/name/nm0000502/
Ben Foster,711,nm0004936,https://www.imdb.com/name/nm0004936/
Joel McCrea,712,nm0566948,https://www.imdb.com/name/nm0566948/
Choi Min-sik,713,nm0158856,https://www.imdb.com/name/nm0158856/
Ewan McGregor,714,nm0000191,https://www.imdb.com/name/nm0000191/
Gael García Bernal,715,nm0305558,https://www.imdb.com/name/nm0305558/
Bruno Ganz,716,nm0004486,https://www.imdb.com/name/nm0004486/
Sean Astin,717,nm0000276,https://www.imdb.com/name/nm0000276/
Irrfan Khan,718,nm0451234,https://www.imdb.com/name/nm0451234/
Michael C. Hall,719,nm0355910,https://www.imdb.com/name/nm0355910/
Roy Scheider,720,nm0001702,https://www.imdb.com/name/nm0001702/
Casey Affleck,721,nm0000729,https://www.imdb.com/name/nm0000729/
Gary Busey,722,nm0000997,https://www.imdb.com/name/nm0000997/
Norman Reedus,723,nm0005342,https://www.imdb.com/name/nm0005342/
Jeff Daniels,724,nm0001099,https://www.imdb.com/name/nm0001099/
Stanley Tucci,725,nm0001804,https://www.imdb.com/name/nm0001804/
Kiefer Sutherland,726,nm0000662,https://www.imdb.com/name/nm0000662/
Michelle Yeoh,727,nm0000706,https://www.imdb.com/name/nm0000706/
Léa Seydoux,728,nm2244205,https://www.imdb.com/name/nm2244205/
Dakota Johnson,729,nm0424848,https://www.imdb.com/name/nm0424848/
Julie Delpy,730,nm0000365,https://www.imdb.com/name/nm0000365/
Linda Hamilton,731,nm0000157,https://www.imdb.com/name/nm0000157/
Carrie Fisher,732,nm0000402,https://www.imdb.com/name/nm0000402/
Pam Grier,733,nm0000427,https://www.imdb.com/name/nm0000427/
Björk,734,nm0001951,https://www.imdb.com/name/nm0001951/
Emily Browning,735,nm0115161,https://www.imdb.com/name/nm0115161/
Juliette Lewis,736,nm0000496,https://www.imdb.com/name/nm0000496/
Sarah Jessica Parker,737,nm0000572,https://www.imdb.com/name/nm0000572/
Piper Laurie,738,nm0001453,https://www.imdb.com/name/nm0001453/
Miley Cyrus,739,nm1415323,https://www.imdb.com/name/nm1415323/
Lily Tomlin,740,nm0005499,https://www.imdb.com/name/nm0005499/
Jane Seymour,741,nm0005412,https://www.imdb.com/name/nm0005412/
Gloria Stuart,742,nm0001784,https://www.imdb.com/name/nm0001784/
Talia Shire,743,nm0001735,https://www.imdb.com/name/nm0001735/
Gal Gadot,744,nm2933757,https://www.imdb.com/name/nm2933757/
Sue Lyon,745,nm0528987,https://www.imdb.com/name/nm0528987/
Olivia Newton-John,746,nm0000556,https://www.imdb.com/name/nm0000556/
Minnie Driver,747,nm0000378,https://www.imdb.com/name/nm0000378/
Teri Garr,748,nm0000414,https://www.imdb.com/name/nm0000414/
Keri Russell,749,nm0005392,https://www.imdb.com/name/nm0005392/
Jean Seberg,750,nm0781029,https://www.imdb.com/name/nm0781029/
Sarah Polley,751,nm0001631,https://www.imdb.com/name/nm0001631/
Josh Brolin,752,nm0000982,https://www.imdb.com/name/nm0000982/
Hal Holbrook,753,nm0001358,https://www.imdb.com/name/nm0001358/
Djimon Hounsou,754,nm0005023,https://www.imdb.com/name/nm0005023/
Matt Dillon,755,nm0000369,https://www.imdb.com/name/nm0000369/
Alan Alda,756,nm0000257,https://www.imdb.com/name/nm0000257/
Thomas Haden Church,757,nm0002006,https://www.imdb.com/name/nm0002006/
Clive Owen,758,nm0654110,https://www.imdb.com/name/nm0654110/
Ken Watanabe,759,nm0913822,https://www.imdb.com/name/nm0913822/
Suraj Sharma,760,nm4139037,https://www.imdb.com/name/nm4139037/
John C. Reilly,761,nm0000604,https://www.imdb.com/name/nm0000604/
Michael Clarke Duncan,762,nm0003817,https://www.imdb.com/name/nm0003817/
Haley Joel Osment,763,nm0005286,https://www.imdb.com/name/nm0005286/
Greg Kinnear,764,nm0001427,https://www.imdb.com/name/nm0001427/
Burt Reynolds,765,nm0000608,https://www.imdb.com/name/nm0000608/
Robert Forster,766,nm0001233,https://www.imdb.com/name/nm0001233/
Jason Schwartzman,767,nm0005403,https://www.imdb.com/name/nm0005403/
William H. Macy,768,nm0000513,https://www.imdb.com/name/nm0000513/
Armin Mueller-Stahl,769,nm0000090,https://www.imdb.com/name/nm0000090/
Tim Roth,770,nm0000619,https://www.imdb.com/name/nm0000619/
James Cromwell,771,nm0000342,https://www.imdb.com/name/nm0000342/
Chazz Palminteri,772,nm0001590,https://www.imdb.com/name/nm0001590/
Gary Sinise,773,nm0000641,https://www.imdb.com/name/nm0000641/
Paul Scofield,774,nm0006890,https://www.imdb.com/name/nm0006890/
Pete Postlethwaite,775,nm0000592,https://www.imdb.com/name/nm0000592/
Hugo Weaving,776,nm0915989,https://www.imdb.com/name/nm0915989/
Jada Pinkett Smith,777,nm0000586,https://www.imdb.com/name/nm0000586/
Tatum O&apos;Neal,778,nm0001575,https://www.imdb.com/name/nm0001575/
Anna Faris,779,nm0267506,https://www.imdb.com/name/nm0267506/
Hattie McDaniel,780,nm0567408,https://www.imdb.com/name/nm0567408/
Famke Janssen,781,nm0000463,https://www.imdb.com/name/nm0000463/
Rosamund Pike,782,nm0683253,https://www.imdb.com/name/nm0683253/
Bonnie Hunt,783,nm0001372,https://www.imdb.com/name/nm0001372/
Leslie Mann,784,nm0005182,https://www.imdb.com/name/nm0005182/
Mindy Kaling,785,nm1411676,https://www.imdb.com/name/nm1411676/
Thandiwe Newton,786,nm0628601,https://www.imdb.com/name/nm0628601/
Amy Poehler,787,nm0688132,https://www.imdb.com/name/nm0688132/
Amanda Peet,788,nm0001605,https://www.imdb.com/name/nm0001605/
Julia Stiles,789,nm0005466,https://www.imdb.com/name/nm0005466/
Maria Bello,790,nm0004742,https://www.imdb.com/name/nm0004742/
Eva Mendes,791,nm0578949,https://www.imdb.com/name/nm0578949/
Emily Blunt,792,nm1289434,https://www.imdb.com/name/nm1289434/
Rose Byrne,793,nm0126284,https://www.imdb.com/name/nm0126284/
Ashley Judd,794,nm0000171,https://www.imdb.com/name/nm0000171/
Emilia Clarke,795,nm3592338,https://www.imdb.com/name/nm3592338/
Christina Applegate,796,nm0000775,https://www.imdb.com/name/nm0000775/
Nia Long,797,nm0000505,https://www.imdb.com/name/nm0000505/
Felicity Jones,798,nm0428065,https://www.imdb.com/name/nm0428065/
Téa Leoni,799,nm0000495,https://www.imdb.com/name/nm0000495/
Alexandra Daddario,800,nm1275259,https://www.imdb.com/name/nm1275259/
Jena Malone,801,nm0540441,https://www.imdb.com/name/nm0540441/
Richard Gere,802,nm0000152,https://www.imdb.com/name/nm0000152/
Nick Frost,803,nm0296545,https://www.imdb.com/name/nm0296545/
Ray Liotta,804,nm0000501,https://www.imdb.com/name/nm0000501/
Chris Rock,805,nm0001674,https://www.imdb.com/name/nm0001674/
Jon Hamm,806,nm0358316,https://www.imdb.com/name/nm0358316/
Neil Patrick Harris,807,nm0000439,https://www.imdb.com/name/nm0000439/
Charlie Sheen,808,nm0000221,https://www.imdb.com/name/nm0000221/
Mark Rylance,809,nm0753314,https://www.imdb.com/name/nm0753314/
Andy Garcia,810,nm0000412,https://www.imdb.com/name/nm0000412/
Michael Lerner,811,nm0503627,https://www.imdb.com/name/nm0503627/
Graham Greene,812,nm0001295,https://www.imdb.com/name/nm0001295/
Bruce Davison,813,nm0001117,https://www.imdb.com/name/nm0001117/
Dan Aykroyd,814,nm0000101,https://www.imdb.com/name/nm0000101/
Danny Aiello,815,nm0000732,https://www.imdb.com/name/nm0000732/
River Phoenix,816,nm0000203,https://www.imdb.com/name/nm0000203/
Dean Stockwell,817,nm0001777,https://www.imdb.com/name/nm0001777/
Billy Crystal,818,nm0000345,https://www.imdb.com/name/nm0000345/
John Goodman,819,nm0000422,https://www.imdb.com/name/nm0000422/
Orlando Bloom,820,nm0089217,https://www.imdb.com/name/nm0089217/
Stellan Skarsgård,821,nm0001745,https://www.imdb.com/name/nm0001745/
Alexander Skarsgård,822,nm0002907,https://www.imdb.com/name/nm0002907/
Mike Myers,823,nm0000196,https://www.imdb.com/name/nm0000196/
Tyrese Gibson,824,nm0879085,https://www.imdb.com/name/nm0879085/
Elijah Wood,825,nm0000704,https://www.imdb.com/name/nm0000704/
Danny DeVito,826,nm0000362,https://www.imdb.com/name/nm0000362/
Susan Hayward,827,nm0001333,https://www.imdb.com/name/nm0001333/
Michelle Rodriguez,828,nm0735442,https://www.imdb.com/name/nm0735442/
Sarah Michelle Gellar,829,nm0001264,https://www.imdb.com/name/nm0001264/
Sandra Oh,830,nm0644897,https://www.imdb.com/name/nm0644897/
Margot Kidder,831,nm0452288,https://www.imdb.com/name/nm0452288/
Beyoncé,832,nm0461498,https://www.imdb.com/name/nm0461498/
Rebecca Hall,833,nm0356017,https://www.imdb.com/name/nm0356017/
Piper Perabo,834,nm0005305,https://www.imdb.com/name/nm0005305/
Courteney Cox,835,nm0001073,https://www.imdb.com/name/nm0001073/
Parker Posey,836,nm0000205,https://www.imdb.com/name/nm0000205/
Paula Patton,837,nm1745736,https://www.imdb.com/name/nm1745736/
Michelle Monaghan,838,nm1157358,https://www.imdb.com/name/nm1157358/
Claire Danes,839,nm0000132,https://www.imdb.com/name/nm0000132/
Allison Janney,840,nm0005049,https://www.imdb.com/name/nm0005049/
Kate Bosworth,841,nm0098378,https://www.imdb.com/name/nm0098378/
Evan Rachel Wood,842,nm0939697,https://www.imdb.com/name/nm0939697/
Mira Sorvino,843,nm0000227,https://www.imdb.com/name/nm0000227/
Ziyi Zhang,844,nm0955471,https://www.imdb.com/name/nm0955471/
Amanda Bynes,845,nm0004789,https://www.imdb.com/name/nm0004789/
Lisa Kudrow,846,nm0001435,https://www.imdb.com/name/nm0001435/
Brit Marling,847,nm1779870,https://www.imdb.com/name/nm1779870/
Cynthia Erivo,848,nm7248827,https://www.imdb.com/name/nm7248827/
Sofía Vergara,849,nm0005527,https://www.imdb.com/name/nm0005527/
Mandy Moore,850,nm0601553,https://www.imdb.com/name/nm0601553/
Virginia Madsen,851,nm0000515,https://www.imdb.com/name/nm0000515/
James Marsden,852,nm0005188,https://www.imdb.com/name/nm0005188/
Tim Allen,853,nm0000741,https://www.imdb.com/name/nm0000741/
Giovanni Ribisi,854,nm0000610,https://www.imdb.com/name/nm0000610/
Rutger Hauer,855,nm0000442,https://www.imdb.com/name/nm0000442/
Vince Vaughn,856,nm0000681,https://www.imdb.com/name/nm0000681/
Brian Cox,857,nm0004051,https://www.imdb.com/name/nm0004051/
Dennis Quaid,858,nm0000598,https://www.imdb.com/name/nm0000598/
John Leguizamo,859,nm0000491,https://www.imdb.com/name/nm0000491/
Michael Keaton,860,nm0000474,https://www.imdb.com/name/nm0000474/
Billy Burke,861,nm0121605,https://www.imdb.com/name/nm0121605/
Brendan Gleeson,862,nm0322407,https://www.imdb.com/name/nm0322407/
Charles Bronson,863,nm0000314,https://www.imdb.com/name/nm0000314/
Jonathan Pryce,864,nm0000596,https://www.imdb.com/name/nm0000596/
Tobey Maguire,865,nm0001497,https://www.imdb.com/name/nm0001497/
Michael Sheen,866,nm0790688,https://www.imdb.com/name/nm0790688/
Justin Long,867,nm0519043,https://www.imdb.com/name/nm0519043/
Jack Black,868,nm0085312,https://www.imdb.com/name/nm0085312/
Mel Brooks,869,nm0000316,https://www.imdb.com/name/nm0000316/
Pierce Brosnan,870,nm0000112,https://www.imdb.com/name/nm0000112/
Sean Bean,871,nm0000293,https://www.imdb.com/name/nm0000293/
Mahershala Ali,872,nm0991810,https://www.imdb.com/name/nm0991810/
Josh Duhamel,873,nm0241049,https://www.imdb.com/name/nm0241049/
Eddie Murphy,874,nm0000552,https://www.imdb.com/name/nm0000552/
Jon Favreau,875,nm0269463,https://www.imdb.com/name/nm0269463/
Danny Glover,876,nm0000418,https://www.imdb.com/name/nm0000418/
Freida Pinto,877,nm2951768,https://www.imdb.com/name/nm2951768/
Hilary Duff,878,nm0240381,https://www.imdb.com/name/nm0240381/
Mary Elizabeth Winstead,879,nm0935541,https://www.imdb.com/name/nm0935541/
Jennifer Coolidge,880,nm0177639,https://www.imdb.com/name/nm0177639/
Andrea Riseborough,881,nm2057859,https://www.imdb.com/name/nm2057859/
Molly Ringwald,882,nm0000208,https://www.imdb.com/name/nm0000208/
January Jones,883,nm0005064,https://www.imdb.com/name/nm0005064/
Maya Rudolph,884,nm0748973,https://www.imdb.com/name/nm0748973/
Sophie Marceau,885,nm0000521,https://www.imdb.com/name/nm0000521/
Franka Potente,886,nm0004376,https://www.imdb.com/name/nm0004376/
Claire Foy,887,nm2946516,https://www.imdb.com/name/nm2946516/
Rashida Jones,888,nm0429069,https://www.imdb.com/name/nm0429069/
Alicia Silverstone,889,nm0000224,https://www.imdb.com/name/nm0000224/
Lillian Gish,890,nm0001273,https://www.imdb.com/name/nm0001273/
Evangeline Lilly,891,nm1431940,https://www.imdb.com/name/nm1431940/
Olivia Colman,892,nm1469236,https://www.imdb.com/name/nm1469236/
Mireille Enos,893,nm0257969,https://www.imdb.com/name/nm0257969/
Jennifer Love Hewitt,894,nm0001349,https://www.imdb.com/name/nm0001349/
Emmy Rossum,895,nm0002536,https://www.imdb.com/name/nm0002536/
Joey King,896,nm1428821,https://www.imdb.com/name/nm1428821/
Ginnifer Goodwin,897,nm0329481,https://www.imdb.com/name/nm0329481/
Christine Taylor,898,nm0852132,https://www.imdb.com/name/nm0852132/
Vanessa Hudgens,899,nm1227814,https://www.imdb.com/name/nm1227814/
Abbie Cornish,900,nm0180411,https://www.imdb.com/name/nm0180411/
Florence Pugh,901,nm6073955,https://www.imdb.com/name/nm6073955/
Ian Holm,902,nm0000453,https://www.imdb.com/name/nm0000453/
Nathan Lane,903,nm0001447,https://www.imdb.com/name/nm0001447/
Cary Elwes,904,nm0000144,https://www.imdb.com/name/nm0000144/
Martin Lawrence,905,nm0001454,https://www.imdb.com/name/nm0001454/
Steve Coogan,906,nm0176869,https://www.imdb.com/name/nm0176869/
Sacha Baron Cohen,907,nm0056187,https://www.imdb.com/name/nm0056187/
Jeffrey Wright,908,nm0942482,https://www.imdb.com/name/nm0942482/
Jackie Chan,909,nm0000329,https://www.imdb.com/name/nm0000329/
Aaron Eckhart,910,nm0001173,https://www.imdb.com/name/nm0001173/
Sam Worthington,911,nm0941777,https://www.imdb.com/name/nm0941777/
Jack Davenport,912,nm0202603,https://www.imdb.com/name/nm0202603/
Alfred Molina,913,nm0000547,https://www.imdb.com/name/nm0000547/
Tim Curry,914,nm0000347,https://www.imdb.com/name/nm0000347/
Mark Hamill,915,nm0000434,https://www.imdb.com/name/nm0000434/
Brendan Fraser,916,nm0000409,https://www.imdb.com/name/nm0000409/
Ice Cube,917,nm0001084,https://www.imdb.com/name/nm0001084/
Liev Schreiber,918,nm0000630,https://www.imdb.com/name/nm0000630/
Ed Helms,919,nm1159180,https://www.imdb.com/name/nm1159180/
Daisy Edgar-Jones,920,nm8402992,https://www.imdb.com/name/nm8402992/
Margaret Qualley,921,nm4960279,https://www.imdb.com/name/nm4960279/
Val Kilmer,922,nm0000174,https://www.imdb.com/name/nm0000174/
Russell Brand,923,nm1258970,https://www.imdb.com/name/nm1258970/
Craig T. Nelson,924,nm0005266,https://www.imdb.com/name/nm0005266/
Bernie Mac,925,nm0005170,https://www.imdb.com/name/nm0005170/
Patrick Stewart,926,nm0001772,https://www.imdb.com/name/nm0001772/
Seth Green,927,nm0001293,https://www.imdb.com/name/nm0001293/
Ashton Kutcher,928,nm0005110,https://www.imdb.com/name/nm0005110/
Randy Quaid,929,nm0001642,https://www.imdb.com/name/nm0001642/
Wesley Snipes,930,nm0000648,https://www.imdb.com/name/nm0000648/
David Oyelowo,931,nm0654648,https://www.imdb.com/name/nm0654648/
Mark Strong,932,nm0835016,https://www.imdb.com/name/nm0835016/
Rob Schneider,933,nm0001705,https://www.imdb.com/name/nm0001705/
Jay Baruchel,934,nm0059431,https://www.imdb.com/name/nm0059431/
Hayden Christensen,935,nm0159789,https://www.imdb.com/name/nm0159789/
Ray Stevenson,936,nm0829032,https://www.imdb.com/name/nm0829032/
Paul Bettany,937,nm0079273,https://www.imdb.com/name/nm0079273/
Hugh Laurie,938,nm0491402,https://www.imdb.com/name/nm0491402/
Chris Tucker,939,nm0000676,https://www.imdb.com/name/nm0000676/
John Candy,940,nm0001006,https://www.imdb.com/name/nm0001006/
Richard Attenborough,941,nm0000277,https://www.imdb.com/name/nm0000277/
Chris O&apos;Donnell,942,nm0000563,https://www.imdb.com/name/nm0000563/
Benjamin Bratt,943,nm0000973,https://www.imdb.com/name/nm0000973/
Common,944,nm0996669,https://www.imdb.com/name/nm0996669/
Marlon Wayans,945,nm0005541,https://www.imdb.com/name/nm0005541/
Albert Brooks,946,nm0000983,https://www.imdb.com/name/nm0000983/
Aaron Paul,947,nm0666739,https://www.imdb.com/name/nm0666739/
Macaulay Culkin,948,nm0000346,https://www.imdb.com/name/nm0000346/
Sam Elliott,949,nm0000385,https://www.imdb.com/name/nm0000385/
Taron Egerton,950,nm5473782,https://www.imdb.com/name/nm5473782/
Jim Caviezel,951,nm0001029,https://www.imdb.com/name/nm0001029/
Elvis Presley,952,nm0000062,https://www.imdb.com/name/nm0000062/
Jonah Hill,953,nm1706767,https://www.imdb.com/name/nm1706767/
Sung Kang,954,nm0437646,https://www.imdb.com/name/nm0437646/
Jason Sudeikis,955,nm0837177,https://www.imdb.com/name/nm0837177/
Josh Hartnett,956,nm0001326,https://www.imdb.com/name/nm0001326/
Cillian Murphy,957,nm0614165,https://www.imdb.com/name/nm0614165/
Billy Crudup,958,nm0001082,https://www.imdb.com/name/nm0001082/
Anthony Mackie,959,nm1107001,https://www.imdb.com/name/nm1107001/
John Barrymore,960,nm0000858,https://www.imdb.com/name/nm0000858/
Timothy Olyphant,961,nm0648249,https://www.imdb.com/name/nm0648249/
Josh Gad,962,nm1265802,https://www.imdb.com/name/nm1265802/
Billy Zane,963,nm0000708,https://www.imdb.com/name/nm0000708/
Luke Wilson,964,nm0005561,https://www.imdb.com/name/nm0005561/
Peter Sarsgaard,965,nm0765597,https://www.imdb.com/name/nm0765597/
Rhys Ifans,966,nm0406975,https://www.imdb.com/name/nm0406975/
Topher Grace,967,nm0333410,https://www.imdb.com/name/nm0333410/
Kevin Hart,968,nm0366389,https://www.imdb.com/name/nm0366389/
Paul Dano,969,nm0200452,https://www.imdb.com/name/nm0200452/
Bill Hader,970,nm0352778,https://www.imdb.com/name/nm0352778/
Rob Lowe,971,nm0000507,https://www.imdb.com/name/nm0000507/
Mel Blanc,972,nm0000305,https://www.imdb.com/name/nm0000305/
David Spade,973,nm0005450,https://www.imdb.com/name/nm0005450/
Lance Henriksen,974,nm0000448,https://www.imdb.com/name/nm0000448/
Richard Jenkins,975,nm0420955,https://www.imdb.com/name/nm0420955/
Emilio Estevez,976,nm0000389,https://www.imdb.com/name/nm0000389/
Michael Ealy,977,nm1013003,https://www.imdb.com/name/nm1013003/
Jamie Bell,978,nm0068260,https://www.imdb.com/name/nm0068260/
Troy Baker,979,nm1684869,https://www.imdb.com/name/nm1684869/
Danny McBride,980,nm1144419,https://www.imdb.com/name/nm1144419/
Jonathan Rhys Meyers,981,nm0001667,https://www.imdb.com/name/nm0001667/
Michael Cera,982,nm0148418,https://www.imdb.com/name/nm0148418/
Bill Paxton,983,nm0000200,https://www.imdb.com/name/nm0000200/
Ioan Gruffudd,984,nm0344435,https://www.imdb.com/name/nm0344435/
Andrew Lincoln,985,nm0511088,https://www.imdb.com/name/nm0511088/
Bill Pullman,986,nm0000597,https://www.imdb.com/name/nm0000597/
Craig Robinson,987,nm0732497,https://www.imdb.com/name/nm0732497/
Charlie Day,988,nm0206359,https://www.imdb.com/name/nm0206359/
Andy Samberg,989,nm1676221,https://www.imdb.com/name/nm1676221/
Garrett Hedlund,990,nm1330560,https://www.imdb.com/name/nm1330560/
John Krasinski,991,nm1024677,https://www.imdb.com/name/nm1024677/
Christopher Reeve,992,nm0001659,https://www.imdb.com/name/nm0001659/
James McAvoy,993,nm0564215,https://www.imdb.com/name/nm0564215/
Rufus Sewell,994,nm0001722,https://www.imdb.com/name/nm0001722/
Adam Driver,995,nm3485845,https://www.imdb.com/name/nm3485845/
Ned Beatty,996,nm0000885,https://www.imdb.com/name/nm0000885/
John Cleese,997,nm0000092,https://www.imdb.com/name/nm0000092/
John Turturro,998,nm0001806,https://www.imdb.com/name/nm0001806/
Jerry Lewis,999,nm0001471,https://www.imdb.com/name/nm0001471/
Paul Mescal,1000,nm8958770,https://www.imdb.com/name/nm8958770/
